City_ID,City,Lat,Lng,Max Temp,Humidity,Cloudiness,Wind Speed,Country,Date
0,la passe,45.5549,-0.8967,284.25,88,90,5.17,FR,1714014470
1,klyuchi,52.2667,79.1667,275.43,45,3,4.88,RU,1714014265
2,albany,42.6001,-73.9662,277.07,74,3,0.45,US,1714013712
3,jalqani,12.4486,34.2186,302.81,11,53,3.34,SD,1714014471
4,wailua homesteads,22.0669,-159.378,299.39,82,100,8.75,US,1714014422
5,ushuaia,-54.8,-68.3,278.96,70,0,2.06,AR,1714014435
6,rio grande,-32.035,-52.0986,284.79,68,100,1.78,BR,1714014249
7,nar'yan-mar,67.6713,53.087,266.54,82,10,5.81,RU,1714014339
8,keflavik,64.0049,-22.5624,279.39,87,75,2.57,IS,1714014472
9,port lincoln,-34.7333,135.8667,290.65,57,3,5.37,AU,1714014391
10,aasiaat,68.7098,-52.8699,269.65,98,90,2.92,GL,1714014180
11,whitehorse,60.7161,-135.0538,286.58,22,40,2.57,CA,1714014155
12,west island,-12.1568,96.8225,301.14,83,75,7.2,CC,1714014424
13,comendador,18.8775,-71.7028,295.66,94,96,1.26,DO,1714014474
14,taltal,-25.4,-70.4833,291.71,80,33,1.54,CL,1714014474
15,bilibino,68.0546,166.4372,266.37,72,15,0.92,RU,1714014307
16,talnakh,69.4865,88.3972,265.49,91,91,2.3,RU,1714014236
17,uniao da vitoria,-26.23,-51.0864,291.72,100,80,0.61,BR,1714014361
18,adamstown,-25.066,-130.1015,296.1,89,2,9.89,PN,1714014193
19,moree,-29.4667,149.85,295.56,32,95,6.05,AU,1714014475
20,hermanus,-34.4187,19.2345,286.93,85,75,1.7,ZA,1714014401
21,sao joao da barra,-21.6403,-41.0511,297.24,86,24,2.38,BR,1714014345
22,hawaiian paradise park,19.5933,-154.9731,299.67,81,12,0.45,US,1714014181
23,porto novo,6.4965,2.6036,302.05,83,100,2.74,BJ,1714014377
24,puerto ayora,-0.7393,-90.3518,298.46,95,6,2.35,EC,1714014199
25,tazovsky,67.4667,78.7,266.96,96,99,2.13,RU,1714014477
26,campbell river,50.0163,-125.2446,283.96,100,100,1.54,CA,1714014414
27,ibotirama,-12.1853,-43.2206,298.65,59,33,0.93,BR,1714014458
28,ngetkib,7.3645,134.5148,304.29,74,75,4.12,PW,1714014478
29,isangel,-19.55,169.2667,299.71,79,99,4.12,VU,1714014478
30,port-aux-francais,-49.35,70.2167,277.54,66,72,8.33,TF,1714014188
31,margaret river,-33.95,115.0667,292.26,42,100,5.35,AU,1714014241
32,waitangi,-43.9535,-176.5597,289.16,87,99,3.58,NZ,1714014198
33,longyearbyen,78.2186,15.6401,270.06,80,20,2.57,SJ,1714014197
34,punta arenas,-53.15,-70.9167,278.21,87,75,1.54,CL,1714014300
35,grytviken,-54.2811,-36.5092,271.0,78,23,4.91,GS,1714014183
36,jamestown,42.097,-79.2353,276.77,85,75,2.57,US,1714014181
37,barra de santo antonio,-9.4047,-35.5072,298.75,82,37,1.63,BR,1714014481
38,prince george,53.9166,-122.753,283.49,37,87,0.89,CA,1714014430
39,huarmey,-10.0681,-78.1522,294.01,87,89,3.36,PE,1714014189
40,likiep,9.8251,169.3107,300.91,78,85,7.88,MH,1714014482
41,east london,-33.0153,27.9116,293.28,75,78,4.85,ZA,1714014420
42,korsakov,46.6328,142.7813,281.06,98,100,2.9,RU,1714014482
43,qaqortoq,60.7167,-46.0333,272.57,85,55,2.71,GL,1714014241
44,iqaluit,63.7506,-68.5145,264.0,72,100,5.66,CA,1714014126
45,port mathurin,-19.6833,63.4167,299.74,69,100,7.73,MU,1714014406
46,bethel,41.3712,-73.414,284.35,59,0,4.63,US,1714014400
47,ilulissat,69.2167,-51.1,274.16,86,75,0.0,GL,1714014194
48,sao jose da coroa grande,-8.8978,-35.1478,299.69,80,91,1.59,BR,1714014484
49,badger,64.8,-147.5333,289.29,31,75,4.12,US,1714014326
50,yellowknife,62.456,-114.3525,278.46,77,100,5.36,CA,1714014405
51,anadyr,64.75,177.4833,270.43,92,100,6.0,RU,1714014216
52,chibougamau,49.9168,-74.3659,262.09,95,47,3.07,CA,1714014486
53,villa gesell,-37.2639,-56.973,283.74,78,0,3.8,AR,1714014477
54,farim,12.4839,-15.2217,298.02,44,100,1.52,GW,1714014486
55,shaowu,27.3409,117.4831,294.44,88,100,1.36,CN,1714014486
56,korla,41.7597,86.1469,295.72,20,94,4.67,CN,1714014487
57,cabo san lucas,22.8909,-109.9124,300.32,29,0,0.0,MX,1714014339
58,tiksi,71.6872,128.8694,262.66,82,100,6.59,RU,1714014260
59,dwarka,22.2394,68.9678,300.19,67,0,4.58,IN,1714014488
60,carnarvon,-24.8667,113.6333,302.25,36,37,7.72,AU,1714014366
61,tabas,33.5959,56.9244,291.74,60,87,3.7,IR,1714014443
62,constantia,44.1833,28.65,285.76,76,100,1.65,RO,1714014486
63,ketchikan,55.3422,-131.6461,282.41,66,75,4.63,US,1714014489
64,point vernon,-25.25,152.8167,297.57,53,3,0.66,AU,1714014489
65,port blair,11.6667,92.75,306.17,66,20,1.54,IN,1714014490
66,bomdila,27.25,92.4,285.58,38,1,2.61,IN,1714014490
67,puerto natales,-51.7236,-72.4875,275.4,100,100,1.03,CL,1714014166
68,holualoa,19.6228,-155.9522,298.06,83,100,4.63,US,1714014428
69,kerikeri,-35.2268,173.9474,292.07,61,100,3.26,NZ,1714014491
70,ribeira grande,38.5167,-28.7,288.58,83,7,4.47,PT,1714014241
71,iskateley,67.6803,53.1512,266.49,82,10,5.81,RU,1714014492
72,castillos,-34.1667,-53.8333,283.81,84,0,1.37,UY,1714014492
73,xanthi,41.1414,24.8836,288.04,83,100,1.93,GR,1714014492
74,tolanaro,-25.0319,46.9987,295.19,88,20,4.12,MG,1714014200
75,sungai penuh,-2.0833,101.3833,300.26,62,47,1.47,ID,1714014493
76,gaspe,48.8334,-64.4819,274.27,100,100,3.6,CA,1714014493
77,cedeira,43.6797,-8.0209,284.47,77,100,1.96,ES,1714014494
78,shalazhi,43.0978,45.3608,285.89,61,40,1.3,RU,1714014494
79,vadso,70.0744,29.7487,274.64,86,100,4.12,NO,1714014188
80,netanya,32.3329,34.8599,305.16,33,85,3.67,IL,1714014495
81,les cayes,18.2,-73.75,297.88,84,95,2.62,HT,1714014495
82,olonkinbyen,70.9221,-8.7187,271.55,82,8,3.52,SJ,1714014182
83,pallasovka,50.05,46.8833,286.16,63,15,3.4,RU,1714014495
84,alaghsas,17.0187,8.0168,304.04,12,0,6.84,NE,1714014496
85,vikhorevka,56.1201,101.1636,275.92,42,67,3.95,RU,1714014496
86,palikir - national government center,6.9248,158.1611,303.62,84,100,4.12,FM,1714014496
87,kingston,17.997,-76.7936,301.68,79,20,4.63,JM,1714014313
88,invercargill,-46.4,168.35,288.16,55,1,4.02,NZ,1714014187
89,kodiak,57.79,-152.4072,277.88,93,100,4.63,US,1714014242
90,broken hill,-31.95,141.4333,289.26,39,73,7.69,AU,1714014498
91,lompoc,34.6391,-120.4579,287.6,83,0,2.06,US,1714014498
92,tura,25.5198,90.2201,306.63,27,0,3.83,IN,1714014185
93,kamina,-8.7386,24.9906,291.15,90,100,1.63,CD,1714014498
94,san antonio de pale,-1.4014,5.6325,301.29,78,99,4.97,GQ,1714014499
95,vikindu,-7.0067,39.2985,296.24,96,77,3.43,TZ,1714014499
96,stanley,54.868,-1.6985,277.16,88,0,5.66,GB,1714014104
97,klaksvik,62.2266,-6.589,275.66,75,100,7.26,FO,1714014500
98,edinburgh of the seven seas,-37.0676,-12.3116,290.26,90,60,8.26,SH,1714014266
99,thompson,55.7435,-97.8558,281.24,34,20,2.06,CA,1714014187
100,tubarjal,30.4999,38.216,296.03,20,5,2.8,SA,1714014500
101,rimouski,48.4488,-68.524,270.97,81,100,11.06,CA,1714014337
102,port elizabeth,-33.918,25.5701,290.43,82,20,6.17,ZA,1714014243
103,guerrero negro,27.9769,-114.0611,288.56,75,33,8.58,MX,1714014426
104,flying fish cove,-10.4217,105.6791,301.97,89,75,5.66,CX,1714014412
105,hilo,19.7297,-155.09,297.75,84,34,0.89,US,1714014235
106,lihue,21.9789,-159.3672,299.73,79,62,7.16,US,1714014230
107,qarauyl,48.9451,79.255,273.0,31,9,6.55,KZ,1714014502
108,yaren,-0.5472,166.916,301.96,75,60,4.37,NR,1714014428
109,egilsstadir,65.2653,-14.3948,275.5,97,95,3.18,IS,1714014503
110,viedma,-40.8135,-62.9967,285.31,49,100,7.92,AR,1714014503
111,itoman,26.1247,127.6694,298.37,81,75,3.6,JP,1714014504
112,utrik,11.2278,169.8474,300.34,79,92,8.31,MH,1714014406
113,arteche,12.2645,125.4048,303.74,58,96,3.83,PH,1714014504
114,bonanza,14.0289,-84.591,295.53,89,35,1.08,NI,1714014504
115,polyarnyy,69.1989,33.4478,270.79,93,100,2.51,RU,1714014505
116,kharhial,20.2833,82.7667,307.85,30,0,1.71,IN,1714014505
117,sola,-13.8833,167.55,301.84,72,78,1.38,VU,1714014505
118,labrador city,52.9463,-66.9114,265.47,59,100,5.14,CA,1714014506
119,cockburn town,21.4612,-71.1419,298.84,76,23,7.61,TC,1714014427
120,pobe,6.9801,2.6649,299.05,88,100,2.03,BJ,1714014506
121,jayapura,-2.5333,140.7,306.81,63,13,2.52,ID,1714014507
122,geraldton,-28.7667,114.6,295.38,33,99,9.77,AU,1714014507
123,colac,-38.3333,143.5833,287.69,59,96,4.82,AU,1714014507
124,novodvinsk,64.4165,40.8122,274.01,94,100,1.25,RU,1714014508
125,siwa oasis,29.2041,25.5195,294.11,37,100,3.64,EG,1714014252
126,zaysan,47.4667,84.8667,278.64,58,99,4.2,KZ,1714014243
127,bredasdorp,-34.5322,20.0403,288.43,83,78,1.18,ZA,1714014434
128,happy valley-goose bay,53.3168,-60.3315,276.33,90,100,3.52,CA,1714014509
129,piacabucu,-10.4056,-36.4344,299.13,86,18,1.28,BR,1714014215
130,qamdo,31.1667,97.2333,277.67,56,98,2.26,CN,1714014509
131,chui,-33.6971,-53.4616,285.0,85,0,2.26,UY,1714014510
132,hinton,53.4001,-117.5857,276.88,98,74,2.72,CA,1714014510
133,avarua,-21.2078,-159.775,299.18,73,75,3.09,CK,1714014229
134,hammerfest,70.6634,23.6821,275.4,87,100,3.09,NO,1714014464
135,alnwick,55.4132,-1.7056,279.86,70,100,5.14,GB,1714014511
136,kapuskasing,49.4169,-82.4331,264.13,94,34,1.63,CA,1714014462
137,vrangel',42.7297,133.0839,281.81,92,31,3.31,RU,1714014247
138,sandnessjoen,66.0217,12.6316,273.44,80,98,1.97,NO,1714014511
139,st. paul,44.9444,-93.0933,285.7,43,0,4.63,US,1714014212
140,santiago de cao,-7.9589,-79.2392,293.22,83,79,4.12,PE,1714014512
141,shimoda,34.6667,138.95,295.35,62,29,8.24,JP,1714014356
142,al muwayh,22.4333,41.7583,296.06,18,0,4.63,SA,1714014513
143,blackmans bay,-43.0167,147.3167,287.22,60,88,1.34,AU,1714014407
144,ciudad lazaro cardenas,17.9583,-102.2,298.01,79,0,1.54,MX,1714014513
145,gering,41.8258,-103.6605,288.25,65,100,3.6,US,1714014513
146,arkhangel'sk,64.5401,40.5433,274.21,100,100,1.0,RU,1714014316
147,vila velha,-20.3297,-40.2925,298.12,97,0,2.06,BR,1714014364
148,asyqata,40.8994,68.3611,294.61,46,81,2.88,KZ,1714014514
149,callao,-12.0667,-77.15,295.77,78,40,4.12,PE,1714014271
150,talodi,10.6325,30.3797,301.54,20,87,1.72,SD,1714014515
151,padang,-0.9492,100.3543,302.18,70,22,1.87,ID,1714014515
152,sant'antioco,39.0664,8.4522,286.88,62,83,9.84,IT,1714014516
153,kobryn,52.2138,24.3564,278.94,98,100,2.66,BY,1714014516
154,praia da vitoria,38.7333,-27.0667,289.29,77,75,4.75,PT,1714014363
155,port alfred,-33.5906,26.891,290.47,90,99,0.45,ZA,1714014420
156,kaihua,23.3687,104.28,301.13,32,0,7.04,CN,1714014517
157,fort mcmurray,56.7268,-111.381,284.67,64,100,6.11,CA,1714014518
158,colonia,50.9333,6.95,278.68,88,100,4.63,DE,1714014409
159,olyokminsk,60.3736,120.4264,271.56,65,100,5.01,RU,1714014518
160,minas de marcona,-15.2119,-75.1103,289.71,88,98,4.7,PE,1714014415
161,kailua-kona,19.6406,-155.9956,300.13,80,100,4.63,US,1714014519
162,hithadhoo,-0.6,73.0833,302.49,70,100,2.67,MV,1714014519
163,enewetak,11.3474,162.3373,300.89,80,84,7.91,MH,1714014216
164,sierra grande,-41.606,-65.3557,286.75,39,100,10.02,AR,1714014520
165,dinguiraye,11.3,-10.7167,301.46,29,37,1.22,GN,1714014520
166,saipan,15.1355,145.701,305.54,55,40,8.23,MP,1714014520
167,sisa,-6.6167,-76.6915,295.63,99,98,1.49,PE,1714014521
168,weno,7.4515,151.8468,301.86,81,78,7.53,FM,1714014521
169,dudinka,69.4058,86.1778,265.75,89,22,4.92,RU,1714014394
170,kapoeta,4.7717,33.5903,298.32,73,53,0.69,SS,1714014522
171,howrah,22.5892,88.3103,307.15,46,20,3.6,IN,1714014246
172,rawai,7.7797,98.3253,306.21,69,85,2.66,TH,1714014522
173,mount gambier,-37.8333,140.7667,288.73,55,52,3.88,AU,1714014523
174,taoudenni,22.6783,-3.9836,302.55,14,0,4.21,ML,1714014523
175,college,64.8569,-147.8028,289.33,29,75,4.12,US,1714014281
176,dhidhdhoo,6.8833,73.1,302.25,71,0,2.05,MV,1714014523
177,crieff,56.3727,-3.8389,279.34,68,100,1.04,GB,1714014524
178,tuy hoa,13.0833,109.3,309.17,42,33,2.21,VN,1714014524
179,zbaszyn,52.2509,15.9252,276.51,100,81,0.0,PL,1714014524
180,udachny,66.4167,112.4,267.29,80,100,8.3,RU,1714014172
181,mount pearl,47.5166,-52.7813,283.0,98,100,9.77,CA,1714014525
182,natal,-5.795,-35.2094,299.27,83,40,2.06,BR,1714014312
183,aykhal,66.0,111.5,265.81,87,100,10.07,RU,1714014255
184,xinyuan,37.3,99.0,280.81,17,4,3.42,CN,1714014439
185,remire-montjoly,4.9167,-52.2667,299.17,94,100,1.54,GF,1714014404
186,ath thawrah,35.8469,38.5443,296.83,36,24,1.93,SY,1714014526
187,coahuayana de hidalgo,18.7,-103.6583,295.48,84,2,1.07,MX,1714014527
188,ghat,24.9647,10.1728,294.54,19,0,2.95,LY,1714014392
189,caconda,-13.7333,15.0667,288.44,73,100,1.11,AO,1714014527
190,nabire,-3.3667,135.4833,302.0,79,34,1.42,ID,1714014236
191,puerto baquerizo moreno,-0.9,-89.6,298.21,86,20,2.66,EC,1714014422
192,vol'no-nadezhdinskoye,43.3833,131.9917,290.86,59,0,5.0,RU,1714014528
193,petropavlovsk-kamchatsky,53.0452,158.6483,284.48,37,75,8.0,RU,1714014528
194,lebu,-37.6167,-73.65,287.01,91,99,5.01,CL,1714014529
195,cabanas,22.9758,-82.9219,296.06,84,6,4.15,CU,1714014529
196,tlahualilo de zaragoza,26.1167,-103.45,303.55,18,100,4.58,MX,1714014529
197,st. john's,47.5649,-52.7093,283.46,97,100,9.77,CA,1714014173
198,calchaqui,-29.8877,-60.287,286.64,76,33,2.92,AR,1714014530
199,fortuna,40.5982,-124.1573,284.78,86,20,3.6,US,1714014246
200,kingscliff,-28.2667,153.5667,300.22,61,40,5.66,AU,1714014530
201,nizhnesortymskiy,62.4397,71.7603,263.74,92,87,1.42,RU,1714014449
202,popondetta,-8.7537,148.2534,305.87,56,100,2.03,PG,1714014531
203,sur,22.5667,59.5289,300.42,72,0,2.39,OM,1714014531
204,petrovsk-zabaykal'skiy,51.273,108.843,276.9,41,87,6.35,RU,1714014532
205,don benito,38.9563,-5.8616,283.66,73,15,1.68,ES,1714014532
206,chul'man,56.8479,124.9104,273.3,81,100,4.92,RU,1714014262
207,beloyarskiy,63.7119,66.6722,265.37,90,31,0.89,RU,1714014533
208,oriximina,-1.7656,-55.8661,297.84,94,99,0.96,BR,1714014311
209,bunia,1.5667,30.25,291.33,98,100,1.31,CD,1714014533
210,pangoa,-12.1167,-73.0,294.7,99,100,0.75,PE,1714014534
211,nemuro,43.3236,145.575,279.63,98,100,11.07,JP,1714014534
212,pointe michel,15.25,-61.3833,299.98,79,16,5.25,DM,1714014534
213,abu zabad,12.35,29.25,299.06,10,9,3.21,SD,1714014534
214,ust'-ilimsk,58.0006,102.6619,273.39,92,100,3.58,RU,1714014439
215,clinton,42.587,-82.9199,276.45,69,0,4.12,US,1714014535
216,khenifra,32.9333,-5.6667,286.36,43,95,2.8,MA,1714014535
217,enriquillo,17.9,-71.2333,297.65,89,61,3.12,DO,1714014536
218,margate,51.3813,1.3862,278.54,73,100,1.79,GB,1714014536
219,barcelos,41.5388,-8.6151,287.51,76,100,2.12,PT,1714014405
220,kruisfontein,-34.0033,24.7314,289.2,93,40,2.84,ZA,1714014443
221,suntar,62.1444,117.6319,268.56,74,100,4.33,RU,1714014537
222,papatowai,-46.5619,169.4708,286.26,65,24,2.96,NZ,1714014177
223,were ilu,10.6,39.4333,285.85,82,80,1.84,ET,1714014537
224,timaru,-44.4,171.25,294.3,19,4,3.58,NZ,1714014303
225,la ronge,55.1001,-105.2842,278.07,90,98,5.02,CA,1714014538
226,isafjordur,66.0755,-23.124,275.85,84,16,1.31,IS,1714014400
227,anloga,5.7947,0.8973,301.71,81,54,3.72,GH,1714014538
228,el calafate,-50.3408,-72.2768,277.66,91,100,0.46,AR,1714014539
229,afif,23.9065,42.9172,294.01,15,0,4.31,SA,1714014539
230,trairi,-3.2778,-39.2689,297.5,94,31,2.64,BR,1714014389
231,akureyri,65.6835,-18.0878,276.73,65,26,1.08,IS,1714014443
232,tarawa,1.419,172.984,304.2,79,75,3.6,KI,1714014540
233,monterrey,25.6667,-100.3167,301.34,69,34,4.92,MX,1714013828
234,yarmouth,41.7057,-70.2286,282.6,70,0,12.52,US,1714014541
235,at taj,24.2049,23.2857,295.8,35,86,3.59,LY,1714014541
236,bel ombre,-4.6167,55.4167,299.06,89,75,4.12,SC,1714014541
237,laojunmiao,39.8333,97.7333,290.61,15,93,3.68,CN,1714014242
238,mpika,-11.8343,31.4529,286.98,96,25,1.55,ZM,1714014542
239,kuytun,54.3419,101.5036,275.85,52,52,2.9,RU,1714014542
240,kununurra,-15.7667,128.7333,307.14,43,9,5.14,AU,1714014321
241,palma sola,-23.9634,-64.2987,290.52,99,100,0.13,AR,1714014543
242,vilyuchinsk,52.9306,158.4028,285.3,62,100,4.89,RU,1714014187
243,bikenibeu village,1.3673,173.1241,304.13,79,75,3.6,KI,1714014543
244,tres arroyos,-38.3739,-60.2798,283.71,50,32,4.92,AR,1714014370
245,yangambi,0.8102,24.4336,294.17,99,100,0.78,CD,1714014544
246,coari,-4.085,-63.1414,296.26,99,100,0.99,BR,1714014269
247,hamilton,39.1834,-84.5333,280.8,76,5,1.34,US,1714014129
248,mudanjiang,44.5833,129.6,295.55,34,2,3.78,CN,1714014331
249,horta,38.5333,-28.6333,288.16,83,8,4.92,PT,1714014545
250,chikwawa,-16.0335,34.8009,290.6,96,5,0.36,MW,1714014546
251,ardud,47.6333,22.8833,281.48,81,75,4.12,RO,1714014546
252,saint-francois,46.4154,3.9054,277.4,94,100,1.54,FR,1714014546
253,teluknaga,-6.0989,106.6381,306.66,66,40,2.06,ID,1714014546
254,quincy,42.2529,-71.0023,280.46,52,0,8.75,US,1714014375
255,alice springs,-23.7,133.8833,292.9,30,0,6.17,AU,1714014547
256,greenland,43.0362,-70.8328,276.61,57,0,4.63,US,1714014547
257,jedlina-zdroj,50.7201,16.3465,275.14,88,100,2.7,PL,1714014548
258,fale old settlement,-9.3852,-171.2468,302.75,74,21,4.84,TK,1714014548
259,atafu village,-8.5421,-172.5159,302.75,72,56,3.08,TK,1714014211
260,umm kaddadah,13.6017,26.6876,297.56,8,3,3.56,SD,1714014549
261,alofi,-19.0595,-169.9187,302.09,61,31,4.12,NU,1714014549
262,nyurba,63.2842,118.3319,267.94,77,100,4.52,RU,1714014549
263,al hawatah,13.4167,34.6333,302.7,13,8,2.06,SD,1714014549
264,kashgar,39.4547,75.9797,293.71,19,0,5.0,CN,1714014326
265,novyy urengoy,66.0833,76.6333,265.12,96,99,1.44,RU,1714014550
266,thunder bay,48.4001,-89.3168,272.14,69,20,2.57,CA,1714014299
267,shingu,33.7333,135.9833,295.68,54,4,2.65,JP,1714014457
268,alakurtti,66.9672,30.3491,266.99,99,88,0.83,RU,1714014551
269,coruripe,-10.1256,-36.1756,298.58,87,40,1.41,BR,1714014332
270,tromso,69.6496,18.957,274.16,75,20,1.03,NO,1714014551
271,aral,40.5156,81.2636,295.72,18,3,0.86,CN,1714014552
272,santa ana,33.7456,-117.8678,289.43,77,100,4.12,US,1714014269
273,lata,40.1629,-8.3327,284.3,88,97,1.17,PT,1714014413
274,selfoss,63.9331,-20.9971,278.84,72,75,1.1,IS,1714014328
275,nasiriyah,31.0521,46.261,298.91,27,0,3.07,IQ,1714014553
276,maloye ganyushkino,46.6,49.2667,291.21,40,53,3.23,KZ,1714014553
277,papao,-17.75,-149.55,302.97,69,0,0.72,PF,1714014185
278,tejen,37.3834,60.5054,291.13,63,100,8.63,TM,1714014549
279,langfang,39.5097,116.6947,297.02,33,0,1.22,CN,1714014554
280,boguchany,58.3814,97.4531,274.74,70,58,2.24,RU,1714014259
281,igarka,67.4667,86.5833,265.94,90,79,3.58,RU,1714014554
282,san luis de la loma,17.2706,-100.8939,299.98,65,0,3.45,MX,1714014555
283,pudozh,61.8099,36.5345,270.34,96,83,1.34,RU,1714014555
284,manggar,-2.8833,108.2667,302.58,78,30,3.84,ID,1714014555
285,mount pleasant,32.7941,-79.8626,293.15,80,40,5.14,US,1714014538
286,sultanah,24.4926,39.5857,298.4,8,0,3.6,SA,1714014556
287,fort st. john,56.2499,-120.8529,280.32,40,45,4.22,CA,1714014556
288,riberalta,-10.9833,-66.1,297.03,97,51,0.94,BO,1714014557
289,sabha,27.0377,14.4283,293.67,30,3,7.08,LY,1714014557
290,kiunga,-6.1219,141.2906,304.95,66,100,1.34,PG,1714014557
291,daru,-9.0763,143.2092,301.08,87,67,5.88,PG,1714014558
292,island harbour,50.724,-1.2758,278.72,83,85,2.51,GB,1714014558
293,kurmuk,10.55,34.2833,299.95,49,100,1.48,SD,1714014558
294,vorkuta,67.5,64.0,261.54,87,95,1.34,RU,1714014558
295,rongelap,11.1635,166.8941,300.46,83,100,8.76,MH,1714014559
296,tosontsengel,48.7567,98.2839,271.89,66,92,0.24,MN,1714014559
297,gewane,10.1664,40.6453,300.25,66,99,2.95,ET,1714014559
298,pogranichnyy,44.4064,131.3769,293.79,42,1,3.07,RU,1714014560
299,dakhla,23.6848,-15.958,291.59,81,60,8.02,EH,1714014560
300,walvis bay,-22.9575,14.5053,288.8,82,0,2.77,NA,1714014560
301,sao gabriel da cachoeira,-0.1303,-67.0892,296.51,99,100,1.54,BR,1714014441
302,ceeldheer,3.8488,47.1806,301.82,78,95,3.65,SO,1714014561
303,zaghouan,36.4029,10.1429,280.01,75,19,3.02,TN,1714014561
304,morondava,-20.2833,44.2833,295.41,73,0,1.7,MG,1714014437
305,novyy karanlug,39.7955,47.1099,289.02,64,31,1.1,AZ,1714014562
306,belyy yar,53.6039,91.3903,271.09,46,0,4.0,RU,1714014562
307,pemangkat,1.1667,108.9667,299.22,89,100,3.39,ID,1714014476
308,nago,26.5881,127.9761,298.4,74,97,3.68,JP,1714014563
309,koppa,13.5304,75.3633,300.67,56,41,0.47,IN,1714014563
310,sinjai,-5.1241,120.253,301.79,80,54,1.52,ID,1714014563
311,rotonda west,26.8837,-82.2901,297.16,86,0,0.0,US,1714014564
312,susuman,62.7833,148.1667,271.47,90,91,1.34,RU,1714014564
313,ipora,-16.4419,-51.1178,294.59,65,52,0.71,BR,1714014564
314,mata-utu,-13.2816,-176.1745,302.89,73,55,4.34,WF,1714014564
315,yuzhno-kurilsk,44.0306,145.8556,278.91,99,100,5.12,RU,1714014565
316,archangelos,36.2149,28.1149,292.14,93,100,1.79,GR,1714014565
317,yamada,39.4667,141.95,291.33,58,33,3.68,JP,1714014565
318,az zawr,29.4425,48.2747,299.83,55,0,1.89,KW,1714014566
319,nieuw amsterdam,5.8833,-55.0833,298.12,82,77,3.1,SR,1714014408
320,charlottetown,46.2352,-63.1267,278.46,89,91,4.92,CA,1714014414
321,na mom,6.9586,100.5568,305.06,70,20,2.06,TH,1714014566
322,smidovich,48.6,133.8167,292.24,46,35,6.54,RU,1714014567
323,lorengau,-2.0226,147.2712,302.61,77,98,3.75,PG,1714014330
324,hadibu,12.65,54.0333,300.77,75,55,2.05,YE,1714014567
325,newman,37.3138,-121.0208,291.49,64,83,1.79,US,1714014568
326,christchurch,-43.5333,172.6333,297.26,38,20,5.14,NZ,1714014302
327,achinsk,56.2694,90.4993,272.14,46,12,0.89,RU,1714014568
328,buala,-8.145,159.5921,303.44,72,90,1.61,SB,1714014568
329,pingliang,35.5392,106.6861,294.24,27,0,1.95,CN,1714014333
330,kargil,34.5667,76.1,271.74,56,9,0.98,IN,1714014569
331,ad dilam,23.9915,47.1627,294.38,17,0,3.2,SA,1714014569
332,afaahiti,-17.75,-149.2833,302.08,72,1,1.79,PF,1714014411
333,el galpon,-25.3807,-64.6526,288.34,93,100,0.86,AR,1714014570
334,portland,45.5234,-122.6762,289.11,68,100,2.06,US,1714014275
335,kristiansund,63.1115,7.732,274.51,75,75,1.54,NO,1714014442
336,bulawayo,-20.15,28.5833,288.33,71,0,2.53,ZW,1714014571
337,bandon,51.7469,-8.7425,279.92,95,14,2.88,IE,1714014571
338,tindouf,27.6711,-8.1474,292.96,34,16,7.77,DZ,1714014571
339,uturoa,-16.7333,-151.4333,301.49,72,0,2.21,PF,1714014572
340,knyaze-volkonskoye,48.4642,135.4567,293.34,51,100,2.68,RU,1714014572
341,kenora,49.8167,-94.4337,282.69,29,20,2.57,CA,1714014360
342,kalianget,-7.05,113.9333,302.26,78,95,4.03,ID,1714014573
343,saint-pierre,-21.3393,55.4781,295.97,78,0,1.54,RE,1714014573
344,rabaul,-4.1967,152.1721,303.24,70,18,3.62,PG,1714014573
345,new norfolk,-42.7826,147.0587,287.87,69,99,3.39,AU,1714014573
346,queenstown,-31.8976,26.8753,286.8,85,81,0.5,ZA,1714014574
347,cestos city,5.46,-9.5828,300.83,79,93,2.65,LR,1714014527
348,madona,56.8533,26.217,277.49,98,100,3.88,LV,1714014574
349,jacksonville,30.3322,-81.6556,293.18,70,75,0.89,US,1714014120
350,bracciano,42.1031,12.1754,280.01,95,42,2.05,IT,1714014575
351,bonthe,7.5264,-12.505,300.16,83,100,2.31,SL,1714014575
352,hanzhong,33.0728,107.0303,294.76,57,86,1.26,CN,1714014575
353,ceerigaabo,10.6162,47.368,291.29,78,49,2.56,SO,1714014576
354,georgetown,5.4112,100.3354,307.01,68,20,2.57,MY,1714013915
355,burao,9.5221,45.5336,297.07,70,81,2.54,SO,1714014576
356,puerto leguizamo,-0.1934,-74.7819,296.47,97,100,0.83,CO,1714014577
357,tra vinh,9.9347,106.3453,309.64,41,100,3.74,VN,1714014577
358,kupang,-10.1667,123.5833,307.47,66,20,6.69,ID,1714014577
359,sanniquellie,7.3622,-8.7061,295.82,96,94,1.0,LR,1714014578
360,alo,7.4178,6.7371,300.06,83,93,2.32,NG,1714014578
361,yeniseysk,58.4497,92.1703,272.56,82,96,1.79,RU,1714014578
362,okotoks,50.7289,-113.9828,286.08,36,45,5.13,CA,1714014578
363,garden city,42.3256,-83.331,276.42,62,0,3.6,US,1714014579
364,regina,50.4501,-104.6178,290.14,23,75,5.66,CA,1714014308
365,thinadhoo,0.5333,72.9333,300.98,78,86,0.89,MV,1714014440
366,suva,-18.1416,178.4415,303.86,74,75,3.09,FJ,1714014376
367,pailon,-17.65,-62.75,299.65,81,24,2.09,BO,1714014580
368,fisterra,42.9049,-9.2629,284.68,82,82,4.17,ES,1714014580
369,palmer,42.1584,-72.3287,279.9,50,0,7.72,US,1714014580
370,sitka,57.0531,-135.33,283.09,71,0,3.6,US,1714014302
371,san patricio,28.017,-97.5169,297.5,88,31,5.78,US,1714014554
372,labytnangi,66.6572,66.4183,261.14,96,78,1.02,RU,1714014581
373,hinatuan,8.3722,126.3342,303.91,60,96,2.81,PH,1714014582
374,bamboo flat,11.7,92.7167,306.2,66,20,1.54,IN,1714014582
375,kon tum,14.35,108.0,307.94,39,4,1.47,VN,1714014582
376,dumra,26.5667,85.5167,307.77,13,0,5.69,IN,1714014583
377,al jawf,29.5,38.75,295.53,17,0,2.36,SA,1714014583
378,brownwood,31.7093,-98.9912,296.77,79,100,4.12,US,1714014583
379,blankenberge,51.3131,3.1323,280.12,53,72,0.89,BE,1714014005
380,merizo village,13.2658,144.6691,304.46,81,33,7.23,GU,1714014584
381,aras-asan,8.8908,126.3033,302.13,67,65,2.47,PH,1714014584
382,levuka,50.1834,-105.4011,288.62,34,89,6.15,CA,1714014584
383,la concordia,13.1953,-86.1667,294.72,71,7,2.7,NI,1714014585
384,manokwari,-0.8667,134.0833,302.64,70,96,3.74,ID,1714014215
385,port isabel,26.0734,-97.2086,299.17,89,100,6.69,US,1714014301
386,quellon,-43.1167,-73.6167,283.81,85,61,7.03,CL,1714014585
387,sequeira,40.5536,-7.2259,278.94,77,100,1.77,PT,1714014586
388,mili,6.0815,171.735,301.11,81,100,9.5,MH,1714014586
389,tralee,52.2704,-9.7026,281.62,88,95,1.97,IE,1714014586
390,dzhalagash,45.0833,64.6667,293.38,44,70,6.27,KZ,1714014587
391,ostersund,63.1792,14.6357,273.4,93,75,2.57,SE,1714014587
392,kalaleh,37.3807,55.4916,287.93,94,75,0.0,IR,1714014587
393,sinop,41.7711,34.8709,293.95,31,97,4.72,TR,1714014588
394,astrakhan,46.3497,48.0408,286.08,67,0,5.0,RU,1714014588
395,minden,52.2833,8.9167,277.3,92,75,4.12,DE,1714014588
396,saynshand,44.8824,110.1163,282.78,34,11,7.35,MN,1714014589
397,dobroye,52.8678,39.8109,286.35,68,98,6.51,RU,1714014589
398,frederico westphalen,-27.3592,-53.3944,292.75,97,100,0.96,BR,1714014589
399,lamu,-2.2717,40.902,299.95,85,98,4.71,KE,1714014589
400,purmerend,52.505,4.9597,279.27,78,100,0.45,NL,1714014382
401,basco,20.4487,121.9702,301.57,76,100,1.95,PH,1714014590
402,lloydminster,53.2835,-110.0016,287.96,39,100,3.74,CA,1714014590
403,ola,59.5833,151.2833,273.23,95,100,1.58,RU,1714014590
404,sovetskiy,61.3614,63.5842,266.42,92,92,3.13,RU,1714014591
405,mugia,43.1041,-9.2179,284.77,84,83,2.41,ES,1714014591
406,wainwright,52.839,-110.8572,286.98,41,100,2.31,CA,1714014591
407,ambikapur,23.1167,83.2,306.34,19,0,1.28,IN,1714014436
408,ingeniero jacobacci,-41.3427,-69.5448,280.91,65,84,8.22,AR,1714014592
409,vorgashor,67.5833,63.95,261.37,87,95,1.54,RU,1714014592
410,jiuquan,39.7432,98.5174,294.23,14,71,3.85,CN,1714014593
411,chhaprauli,29.2167,77.1833,305.0,21,0,4.25,IN,1714014593
412,pulandian,39.3953,121.9669,296.27,33,19,3.32,CN,1714014333
413,malango,-2.9627,119.9001,299.16,79,76,1.38,ID,1714014593
414,beau vallon,-20.4189,57.6953,299.38,85,91,4.87,MU,1714014594
415,nova sintra,14.8667,-24.7167,296.1,80,88,6.46,CV,1714014312
416,haiku-pauwela,20.9219,-156.3051,297.72,81,20,11.83,US,1714014594
417,saudarkrokur,65.7461,-19.6394,276.33,91,35,2.31,IS,1714014245
418,arraial do cabo,-22.9661,-42.0278,298.33,78,100,2.96,BR,1714014163
419,las trojes,14.0667,-85.9833,293.96,85,13,1.38,HN,1714014595
420,necochea,-38.5473,-58.7368,282.45,86,2,4.25,AR,1714014596
421,ruidoso,33.3317,-105.673,290.53,17,0,1.54,US,1714014596
422,pangai,-19.8,-174.35,300.76,84,70,3.64,TO,1714014596
423,khandyga,62.6667,135.6,271.49,83,100,3.89,RU,1714014596
424,revda,56.801,59.9303,273.22,93,100,3.81,RU,1714014597
425,malvan,16.0667,73.4667,301.83,69,90,0.38,IN,1714014376
426,belokurikha,51.9959,84.9896,273.29,36,9,1.8,RU,1714014597
427,aibak,36.2647,68.0155,293.65,48,95,1.51,AF,1714014598
428,val-d'or,48.1002,-77.7828,266.52,85,11,0.73,CA,1714014567
429,madera,37.1666,-119.8343,289.48,82,100,1.92,US,1714014598
430,campeche,19.0,-90.5,298.37,78,22,0.09,MX,1714014542
431,lazaro cardenas,17.9583,-102.2,298.01,79,0,1.54,MX,1714014179
432,paliyad,22.25,71.5667,302.61,38,0,5.64,IN,1714014599
433,prachin buri,14.0833,101.6667,307.78,100,9,3.74,TH,1714014599
434,tutayev,57.8853,39.5406,277.92,70,97,5.42,RU,1714014600
435,oppdal,62.5943,9.6912,269.25,89,100,3.07,NO,1714014600
436,arvayheer,46.2639,102.775,272.99,78,99,4.54,MN,1714014600
437,tupiza,-21.45,-65.7167,288.84,46,32,3.9,BO,1714014521
438,yuci,37.6803,112.7319,296.01,25,0,2.0,CN,1714014601
439,kaa-khem,51.6833,94.7333,272.26,57,73,5.24,RU,1714014601
440,brusque,-27.0981,-48.9175,297.65,97,100,0.87,BR,1714014601
441,uliastay,47.7417,96.8444,272.91,84,100,2.06,MN,1714014602
442,hasaki,35.7333,140.8333,297.2,72,52,1.06,JP,1714014602
443,port saint john's,-31.6229,29.5448,293.22,87,14,3.24,ZA,1714014602
444,vershino-darasunskiy,52.35,115.5167,276.69,56,98,5.11,RU,1714014603
445,tommot,58.9564,126.2925,272.97,76,100,4.24,RU,1714014603
446,pingdingshan,33.7385,113.3012,300.14,35,83,5.18,CN,1714014603
447,novoul'yanovsk,54.1496,48.3891,283.09,51,86,2.24,RU,1714014603
448,saint-philippe,-21.3585,55.7679,295.92,85,36,3.14,RE,1714014419
449,goundi,9.3627,17.366,301.59,57,100,3.99,TD,1714014604
450,glace bay,46.1969,-59.957,277.47,97,100,2.24,CA,1714014604
451,gao,16.6362,1.637,303.51,14,0,5.36,ML,1714014605
452,santa cruz,-17.8,-63.1667,298.85,94,75,2.57,BO,1714013896
453,bereket,39.2446,55.5154,290.19,62,6,3.75,TM,1714014605
454,oranjemund,-28.55,16.4333,286.94,94,99,3.16,NA,1714014605
455,champerico,14.3,-91.9167,302.78,71,17,2.71,GT,1714014606
456,urkarakh,42.163,47.6307,285.45,64,73,2.17,RU,1714014606
457,nicoya,10.1483,-85.452,300.37,68,59,5.67,CR,1714014606
458,bansgaon,26.5586,83.3481,310.14,11,0,6.83,IN,1714014607
459,tocopilla,-22.092,-70.1979,293.52,77,7,5.41,CL,1714014607
460,ust-nera,64.5667,143.2,275.7,99,98,1.87,RU,1714014120
461,kismayo,-0.3582,42.5454,301.03,84,100,4.45,SO,1714014608
462,youkounkoun,12.5333,-13.1333,300.36,44,31,3.21,GN,1714014608
463,geiro,-6.15,36.8667,290.37,96,98,0.81,TZ,1714014557
464,erenhot,43.6475,111.9767,287.47,37,2,5.03,CN,1714014608
465,mersing,2.4312,103.8405,305.46,63,87,3.19,MY,1714014609
466,hami,42.8,93.45,295.01,20,100,4.83,CN,1714014320
467,mossel bay,-34.1831,22.146,289.67,81,90,2.67,ZA,1714014479
468,sidi akkacha,36.4647,1.3026,283.17,44,100,1.8,DZ,1714014610
469,quimili,-27.6333,-62.4167,290.33,94,100,2.29,AR,1714014610
470,taksimo,56.3444,114.8794,278.0,44,100,2.8,RU,1714014610
471,pacasmayo,-7.4006,-79.5714,293.92,83,79,3.79,PE,1714014610
472,auki,-8.7676,160.7034,303.76,67,52,2.59,SB,1714014611
473,tevriz,57.509,72.4042,273.8,62,7,1.73,RU,1714014611
474,chateaubelair,13.2833,-61.25,299.9,78,100,3.19,VC,1714014611
475,santander,43.4647,-3.8044,284.52,74,100,3.09,ES,1714014612
476,leskovac,42.9981,21.9461,281.92,93,99,0.91,RS,1714014612
477,yeppoon,-23.1333,150.7333,300.03,61,3,3.33,AU,1714014612
478,shantobe,52.4581,68.1839,275.42,41,79,7.04,KZ,1714014613
479,pankrushikha,53.8319,80.3406,274.96,57,15,4.7,RU,1714014613
480,kone,-21.0595,164.8658,301.04,61,22,4.49,NC,1714014538
481,tibu,8.639,-72.7358,297.41,98,100,1.09,CO,1714014614
482,ambon,-3.6954,128.1814,303.23,74,20,1.54,ID,1714014614
483,tsiombe,-25.3,45.4833,294.13,95,27,3.63,MG,1714014437
484,chonchi,-42.6128,-73.8092,283.71,88,59,4.67,CL,1714014615
485,mangrol,21.1167,70.1167,300.27,66,0,5.64,IN,1714014615
486,alesund,62.4723,6.1549,275.79,86,100,1.54,NO,1714014615
487,al qubbah,32.7616,22.2424,287.9,33,100,4.81,LY,1714014616
488,bac lieu,9.285,105.7244,305.8,57,99,5.26,VN,1714014616
489,levanger,63.7464,11.2996,273.18,79,100,1.33,NO,1714014616
490,sultanpur,26.2667,82.0667,308.15,12,0,3.52,IN,1714014106
491,dongola,19.1667,30.4833,302.19,16,0,3.06,SD,1714014617
492,lisakovsk,52.5369,62.4936,281.15,55,100,5.97,KZ,1714014617
493,sisimiut,66.9395,-53.6735,272.29,82,64,13.88,GL,1714014381
494,al majaridah,19.1236,41.9111,303.01,53,28,0.95,SA,1714014618
495,sampit,-2.5333,112.95,305.31,55,97,1.53,ID,1714014618
496,la tuque,47.4334,-72.7824,267.22,64,26,5.07,CA,1714014618
497,catabola,-12.15,17.2833,287.96,78,100,1.49,AO,1714014619
498,kanke,23.4333,85.3167,305.16,20,0,3.09,IN,1714014619
499,serdar,38.9764,56.2757,289.55,72,53,3.42,TM,1714014619
500,namibe,-15.1961,12.1522,298.34,79,58,0.51,AO,1714014620
501,puerto aysen,-45.4,-72.7,278.96,99,100,1.81,CL,1714014620
502,luza,60.6308,47.2512,276.08,91,13,0.64,RU,1714014620
503,manoharpur,27.3,75.95,303.82,18,100,1.84,IN,1714014621
504,khovd,48.0056,91.6419,274.04,36,44,3.54,MN,1714014617
505,qarazhal,48.0078,70.7903,286.84,49,49,7.37,KZ,1714014621
506,anori,-3.7728,-61.6442,295.97,99,97,1.02,BR,1714014621
507,luderitz,-26.6481,15.1594,289.61,67,69,5.9,NA,1714014622
508,las palmas de gran canaria,28.0997,-15.4134,293.22,56,20,6.69,ES,1714014562
509,mirnyy,62.5353,113.9611,266.61,82,100,4.02,RU,1714014623
510,hastings,50.8552,0.5729,278.59,73,57,1.03,GB,1714014623
511,nzerekore,7.7562,-8.8179,295.9,95,91,1.44,GN,1714014623
512,bafoulabe,13.8065,-10.8321,307.08,14,61,2.51,ML,1714014438
513,mitu,1.1983,-70.1733,296.32,99,100,0.62,CO,1714014624
514,santo antonio do leverger,-15.8656,-56.0767,299.36,64,27,1.35,BR,1714014624
515,mbalmayo,3.5167,11.5,295.33,99,100,0.91,CM,1714014625
516,asifabad,19.3667,79.2833,306.66,31,96,0.49,IN,1714014436
517,visakhapatnam,17.69,83.2093,304.09,70,40,2.06,IN,1714014625
518,peace river,56.2501,-117.286,283.27,33,98,2.53,CA,1714014569
519,inarajan village,13.2736,144.7484,304.69,81,38,7.3,GU,1714014626
520,homer,59.6425,-151.5483,282.09,62,75,1.54,US,1714014626
521,praia,14.9215,-23.5087,295.45,78,40,3.09,CV,1714014374
522,kalabo,-14.97,22.6814,288.31,46,3,1.93,ZM,1714014626
523,ancud,-41.8697,-73.8203,284.65,86,21,9.03,CL,1714014493
524,ugoofaaru,5.6667,73.0,302.18,71,89,1.91,MV,1714014627
525,dauphin,51.1494,-100.0502,285.73,56,93,3.86,CA,1714014627
526,bozoum,6.3193,16.3799,294.8,90,100,3.53,CF,1714014628
527,paramonga,-10.6667,-77.8333,293.43,90,88,2.85,PE,1714014628
528,gulf shores,30.246,-87.7008,294.82,79,0,0.89,US,1714014449
529,bouarfa,32.53,-1.95,290.04,30,100,2.77,MA,1714014629
530,spring creek,40.7266,-115.5859,285.59,62,99,0.89,US,1714014629
531,nadvirna,48.6348,24.5694,277.55,86,75,1.7,UA,1714014629
532,berezovyy,51.6667,135.7,291.94,37,22,2.77,RU,1714014629
533,weyburn,49.6668,-103.8511,287.56,37,45,7.11,CA,1714014630
534,harper,4.375,-7.7169,300.52,82,89,2.49,LR,1714014392
535,pisco,-13.7,-76.2167,294.18,78,0,1.03,PE,1714014289
536,la gi,10.6667,107.7833,305.47,60,83,4.79,VN,1714014631
537,undurkhaan,47.3194,110.6556,279.14,28,98,2.59,MN,1714014632
538,francistown,-21.17,27.5079,291.31,66,0,2.17,BW,1714014632
539,maceio,-9.6658,-35.7353,298.84,88,40,1.54,BR,1714014553
540,bubaque,11.2833,-15.8333,298.92,67,100,6.39,GW,1714014231
541,kelso,46.1468,-122.9084,287.31,88,100,0.89,US,1714014633
542,nadym,65.5333,72.5167,269.24,91,100,2.45,RU,1714014633
543,salekhard,66.53,66.6019,261.15,96,87,1.34,RU,1714014362
544,gadzhiyevo,69.2551,33.3362,270.53,94,100,2.49,RU,1714014224
545,usogorsk,63.4106,48.6872,273.52,96,100,1.84,RU,1714014626
546,griffith,41.5284,-87.4237,276.42,90,0,0.0,US,1714014634
547,prado,-17.3411,-39.2208,298.36,85,0,2.36,BR,1714014403
548,makueni boma,-1.8041,37.6203,291.52,94,100,1.47,KE,1714014635
549,poronaysk,49.2167,143.1167,276.06,95,100,4.81,RU,1714014357
550,kudahuvadhoo,2.6708,72.8944,301.75,75,100,3.62,MV,1714014635
551,rakops,-21.0167,24.3333,293.26,29,0,2.48,BW,1714014636
552,kurumkan,54.3,110.3,276.0,59,100,1.34,RU,1714014636
553,rabo de peixe,37.8,-25.5833,287.88,72,75,4.12,PT,1714014636
554,digras,20.1167,77.7167,306.61,27,100,3.72,IN,1714014378
555,severobaykal'sk,55.65,109.3167,272.88,69,100,0.79,RU,1714014637
556,calvinia,-31.4707,19.776,286.45,60,2,1.53,ZA,1714014637
557,kudachi,16.6333,74.85,303.72,43,76,2.3,IN,1714014638
558,ziro,27.6333,93.8333,284.56,66,11,0.13,IN,1714014638
559,amga,60.8953,131.9608,272.05,66,98,4.64,RU,1714014638
560,tondano,1.3038,124.9112,301.2,53,38,1.88,ID,1714014638
561,codrington,-38.2667,141.9667,287.53,65,93,6.21,AU,1714014231
562,awjilah,29.1081,21.2869,290.43,49,89,4.14,LY,1714014639
563,gannan,47.9147,123.5031,288.74,14,30,9.95,CN,1714014639
564,forster,-32.1667,152.5167,293.92,73,95,4.6,AU,1714014640
565,the pas,53.8251,-101.2541,281.57,76,27,3.06,CA,1714014640
566,chichiriviche,10.9333,-68.2772,300.05,87,13,3.98,VE,1714014640
567,greymouth,-42.4667,171.2,286.27,93,100,3.06,NZ,1714014453
568,aktau,43.65,51.2,284.47,55,66,1.65,KZ,1714014641
569,guilin,25.2819,110.2864,293.53,96,100,0.66,CN,1714014641
570,maturin,9.75,-63.1767,297.96,76,58,3.16,VE,1714014641
571,ulsteinvik,62.3432,5.8487,275.79,86,100,0.89,NO,1714014642
572,brockville,44.5834,-75.6826,273.23,62,0,2.78,CA,1714014578
573,kovdor,67.5662,30.4758,270.16,97,98,1.17,RU,1714014350
574,xilitla,21.3333,-98.9667,294.62,92,65,1.31,MX,1714014643
575,dashitou,43.3067,128.5114,293.0,37,1,8.27,CN,1714014643
576,loukhi,66.0764,33.0381,267.43,97,46,1.85,RU,1714014643
577,karnobat,42.65,26.9833,286.06,91,100,1.46,BG,1714014644
578,miri,4.4148,114.0089,304.23,74,40,1.54,MY,1714014397
579,gebeit,21.0667,36.3167,296.8,52,1,3.07,SD,1714014644
580,lagoa,39.05,-27.9833,288.02,75,19,6.47,PT,1714014644
581,san luis,-33.295,-66.3356,285.52,86,55,1.57,AR,1714014605
582,usinsk,65.9939,57.5281,263.75,95,46,2.68,RU,1714014506
583,kurchatov,51.6601,35.6521,284.49,94,3,3.26,RU,1714014645
584,bardai,11.65,7.2333,301.96,39,21,4.76,NG,1714014645
585,sarpol-e zahab,34.4611,45.8626,290.4,32,8,5.5,IR,1714014436
586,grand falls-windsor,48.9332,-55.6649,283.43,95,100,1.79,CA,1714014606
587,acarau,-2.8856,-40.12,299.08,86,73,3.82,BR,1714014244
588,kyren,51.6828,102.1408,275.34,48,90,2.24,RU,1714014647
589,cidreira,-30.1811,-50.2056,290.55,71,72,2.9,BR,1714014647
590,palmares do sul,-30.2578,-50.5097,289.38,73,51,1.77,BR,1714014647
591,ponta delgada,37.7333,-25.6667,288.55,72,75,4.12,PT,1714014648
592,tanjung pandan,-2.75,107.65,303.2,74,88,3.63,ID,1714014648
593,kil bhuvanagiri,11.4667,79.6333,303.95,58,6,2.82,IN,1714014648
594,nuuk,64.1835,-51.7216,275.49,69,100,15.95,GL,1714014445
595,maues,-3.3836,-57.7186,296.77,99,100,0.36,BR,1714014212
596,toukh,30.3539,31.2007,301.6,75,100,2.26,EG,1714014649
597,kem',64.9555,34.5793,266.14,96,20,1.9,RU,1714014649
598,tomatlan,19.9333,-105.25,293.36,82,13,1.01,MX,1714014649
599,angaur state,6.906,134.13,302.17,79,47,6.45,PW,1714014231
